{
  "formatVersion": 1,
  "database": {
    "version": 1,
    "identityHash": "adb0285e46c61429d51d23c15b2c3778",
    "entities": [
      {
        "tableName": "users",
        "createSql": "CREATE TABLE IF NOT EXISTS `${TABLE_NAME}` (`UserID` INTEGER PRIMARY KEY AUTOINCREMENT NOT NULL, `FirstName` TEXT, `LastName` TEXT, `Username` TEXT, `Email` TEXT NOT NULL, `Password` TEXT NOT NULL, `Gender` TEXT, `DateOfBirth` TEXT, `Address` TEXT, `Streak_days` INTEGER NOT NULL, `AchievementID` INTEGER)",
        "fields": [
          {
            "fieldPath": "userId",
            "columnName": "UserID",
            "affinity": "INTEGER",
            "notNull": true
          },
          {
            "fieldPath": "firstName",
            "columnName": "FirstName",
            "affinity": "TEXT",
            "notNull": false
          },
          {
            "fieldPath": "lastName",
            "columnName": "LastName",
            "affinity": "TEXT",
            "notNull": false
          },
          {
            "fieldPath": "username",
            "columnName": "Username",
            "affinity": "TEXT",
            "notNull": false
          },
          {
            "fieldPath": "email",
            "columnName": "Email",
            "affinity": "TEXT",
            "notNull": true
          },
          {
            "fieldPath": "password",
            "columnName": "Password",
            "affinity": "TEXT",
            "notNull": true
          },
          {
            "fieldPath": "gender",
            "columnName": "Gender",
            "affinity": "TEXT",
            "notNull": false
          },
          {
            "fieldPath": "dateOfBirth",
            "columnName": "DateOfBirth",
            "affinity": "TEXT",
            "notNull": false
          },
          {
            "fieldPath": "address",
            "columnName": "Address",
            "affinity": "TEXT",
            "notNull": false
          },
          {
            "fieldPath": "streak_days",
            "columnName": "Streak_days",
            "affinity": "INTEGER",
            "notNull": true
          },
          {
            "fieldPath": "achievementId",
            "columnName": "AchievementID",
            "affinity": "INTEGER",
            "notNull": false
          }
        ],
        "primaryKey": {
          "autoGenerate": true,
          "columnNames": [
            "UserID"
          ]
        },
        "indices": [],
        "foreignKeys": []
      }
    ],
    "views": [],
    "setupQueries": [
      "CREATE TABLE IF NOT EXISTS room_master_table (id INTEGER PRIMARY KEY,identity_hash TEXT)",
      "INSERT OR REPLACE INTO room_master_table (id,identity_hash) VALUES(42, 'adb0285e46c61429d51d23c15b2c3778')"
    ]
  }
}